{"cameraMode":{"drawMode":0,"name":"Shaded","section":"Shading Mode"},"sceneLighting":true,"audioPlay":false,"sceneViewState":{"m_AlwaysRefresh":false,"showFog":true,"showSkybox":true,"showFlares":true,"showImageEffects":true,"showParticleSystems":true,"showVisualEffectGraphs":true,"m_FxEnabled":true},"in2DMode":false,"pivot":{"x":0.6572942733764648,"y":-0.1933964490890503,"z":0.7080576419830322},"rotation":{"x":0.127702534198761,"y":-0.2399662584066391,"z":0.031862545758485797,"w":0.9618224501609802},"size":3.0794496536254885,"orthographic":false}